interpretation_candidate_id,interpretation_source,embedding_name,algorithm,k,metric,linkage,cluster_id,cluster_size,cluster_share,top_frequent_words,top_distinctive_words,dominant_target,dominant_target_share,target_entropy,target_entropy_normalized,top_targets,is_tiny_cluster,is_giant_cluster,is_label_pure,is_mixed_cluster,interpretation_note
1,geometry,word2vec_proxy_glove,spectral,10,,,0,6796,0.37793348904460017,"would, one, people, like, get, know, time, think, right, year","car, bike, gun, government, right, fbi, law, people, space, engine",rec.motorcycles,0.12772218952324896,3.8463537549831104,0.8899624590083222,"rec.motorcycles:868, rec.autos:860, sci.space:812",False,False,False,True,"Klaster 6796 docs (37.8%); dominant='rec.motorcycles' (0.13) - niska zgodnosc etykiet post-hoc; wysoka entropia etykiet; sygnatura: car, bike, gun, government."
1,geometry,word2vec_proxy_glove,spectral,10,,,1,10,0.0005561116672227783,"ax, max, pl, di, tm, ei, giz, bhj, wm, ey","ax, max, di, pl, wm, giz, bhj, ei, tm, bxn",comp.os.ms-windows.misc,1.0,0.0,0.0,comp.os.ms-windows.misc:10,False,False,True,False,"Klaster 10 docs (0.1%); dominant='comp.os.ms-windows.misc' (1.00) - wysoka zgodnosc etykiet post-hoc; sygnatura: ax, max, di, pl."
1,geometry,word2vec_proxy_glove,spectral,10,,,2,1594,0.08864419975531086,"game, team, year, player, would, one, get, time, think, season","game, team, player, year, season, hockey, play, baseball, win, fan",rec.sport.hockey,0.48055207026348806,1.402543520714639,0.3245180137017508,"rec.sport.hockey:766, rec.sport.baseball:751, rec.motorcycles:16",False,False,False,False,"Klaster 1594 docs (8.9%); dominant='rec.sport.hockey' (0.48) - srednia zgodnosc etykiet post-hoc; sygnatura: game, team, player, year."
1,geometry,word2vec_proxy_glove,spectral,10,,,3,29,0.001612723834946057,"db, cx, hz, ww, uw, pl, ck, mw, mv, lk","vv, ff, cx, tt, mv, sp, db, mw, oops, mj",comp.os.ms-windows.misc,0.3103448275862069,3.10302054719367,0.7179713496076895,"comp.os.ms-windows.misc:9, comp.sys.mac.hardware:5, sci.crypt:3",False,False,False,False,"Klaster 29 docs (0.2%); dominant='comp.os.ms-windows.misc' (0.31) - niska zgodnosc etykiet post-hoc; sygnatura: vv, ff, cx, tt."
1,geometry,word2vec_proxy_glove,spectral,10,,,4,631,0.035090646201757315,"drug, one, patient, disease, would, medical, use, cancer, also, health","disease, patient, drug, msg, doctor, food, treatment, dsl, effect, jxp",sci.med,0.9144215530903328,0.7019098576545315,0.1624066486633264,"sci.med:577, talk.politics.misc:14, sci.space:7",False,False,True,False,"Klaster 631 docs (3.5%); dominant='sci.med' (0.91) - wysoka zgodnosc etykiet post-hoc; sygnatura: disease, patient, drug, msg."
1,geometry,word2vec_proxy_glove,spectral,10,,,5,46,0.0025581136692247805,"pit, det, period, bos, tor, chi, pp, la, van, buf","pit, period, pt, det, pp, nyi, tor, bos, buf, nyr",rec.sport.hockey,0.9565217391304348,0.25801866866193013,0.05969989851685734,"rec.sport.hockey:44, rec.sport.baseball:2",False,False,True,False,"Klaster 46 docs (0.3%); dominant='rec.sport.hockey' (0.96) - wysoka zgodnosc etykiet post-hoc; sygnatura: pit, period, pt, det."
1,geometry,word2vec_proxy_glove,spectral,10,,,6,501,0.027861194527861195,"armenian, people, turkish, israel, jew, muslim, arab, one, israeli, would","armenian, israel, arab, israeli, muslim, jew, turkish, palestinian, war, jewish",talk.politics.mideast,0.936127744510978,0.5177167658225327,0.11978838019886708,"talk.politics.mideast:469, alt.atheism:7, soc.religion.christian:6",False,False,True,False,"Klaster 501 docs (2.8%); dominant='talk.politics.mideast' (0.94) - wysoka zgodnosc etykiet post-hoc; sygnatura: armenian, israel, arab, israeli."
1,geometry,word2vec_proxy_glove,spectral,10,,,7,23,0.0012790568346123903,"st, comic, wolverine, appears, copy, art, man, new, hulk, cover","comic, wolverine, hulk, st, copy, sabretooth, liefeld, spider, bagged, man",misc.forsale,0.9565217391304348,0.25801866866193013,0.05969989851685734,"misc.forsale:22, comp.graphics:1",False,False,True,False,"Klaster 23 docs (0.1%); dominant='misc.forsale' (0.96) - wysoka zgodnosc etykiet post-hoc; sygnatura: comic, wolverine, hulk, st."
1,geometry,word2vec_proxy_glove,spectral,10,,,8,2267,0.12607051495940386,"god, one, would, people, christian, say, jesus, think, know, believe","god, christian, jesus, bible, church, religion, believe, belief, christ, people",soc.religion.christian,0.3775915306572563,2.599571026053652,0.6014840989901757,"soc.religion.christian:856, alt.atheism:518, talk.religion.misc:392",False,False,False,False,"Klaster 2267 docs (12.6%); dominant='soc.religion.christian' (0.38) - niska zgodnosc etykiet post-hoc; sygnatura: god, christian, jesus, bible."
1,geometry,word2vec_proxy_glove,spectral,10,,,9,6085,0.33839394950506063,"file, window, use, one, system, edu, would, get, program, image","window, file, card, drive, thanks, program, software, do, disk, system",comp.windows.x,0.14642563681183238,3.289882202911021,0.7612070656156442,"comp.windows.x:891, comp.sys.ibm.pc.hardware:875, comp.os.ms-windows.misc:833",False,False,False,True,"Klaster 6085 docs (33.8%); dominant='comp.windows.x' (0.15) - niska zgodnosc etykiet post-hoc; wysoka entropia etykiet; sygnatura: window, file, card, drive."
2,geometry,tfidf_var_n_components_50,spectral,30,,,0,1110,0.06173526140155729,"god, one, jesus, christian, would, people, say, church, christ, bible","god, christian, jesus, church, bible, christ, sin, believe, faith, belief",soc.religion.christian,0.6063063063063063,1.765702392539406,0.4085450645576794,"soc.religion.christian:673, talk.religion.misc:210, alt.atheism:155",False,False,False,False,"Klaster 1110 docs (6.2%); dominant='soc.religion.christian' (0.61) - srednia zgodnosc etykiet post-hoc; sygnatura: god, christian, jesus, church."
2,geometry,tfidf_var_n_components_50,spectral,30,,,1,550,0.030589543937708564,"year, player, would, team, game, run, one, good, hit, think","player, team, hit, pitcher, year, run, league, hitter, game, ball",rec.sport.baseball,0.8418181818181818,1.0367217766861898,0.23987483223346145,"rec.sport.baseball:463, rec.sport.hockey:48, talk.politics.misc:5",False,False,True,False,"Klaster 550 docs (3.1%); dominant='rec.sport.baseball' (0.84) - wysoka zgodnosc etykiet post-hoc; sygnatura: player, team, hit, pitcher."
2,geometry,tfidf_var_n_components_50,spectral,30,,,2,44,0.002447163515016685,"nasa, people, real, world, mary, live, dryden, ames, shafer, safety","shafer, dryden, mary, insisting, ames, nasa, safety, perfect, live, ball",sci.space,0.5909090909090909,2.1564577970221395,0.49895735182941325,"sci.space:26, comp.os.ms-windows.misc:5, talk.politics.misc:3",False,False,False,False,"Klaster 44 docs (0.2%); dominant='sci.space' (0.59) - srednia zgodnosc etykiet post-hoc; sygnatura: shafer, dryden, mary, insisting."
2,geometry,tfidf_var_n_components_50,spectral,30,,,3,85,0.004727474972191324,"bank, pitt, edu, gordon, geb, surrender, shameful, dsl, skepticism, cadre","pitt, geb, shameful, dsl, jxp, chastity, cadre, skepticism, intellect, surrender",sci.med,0.8941176470588236,0.7200100123187401,0.16659463010744627,"sci.med:76, talk.religion.misc:3, rec.sport.hockey:2",False,False,True,False,"Klaster 85 docs (0.5%); dominant='sci.med' (0.89) - wysoka zgodnosc etykiet post-hoc; sygnatura: pitt, geb, shameful, dsl."
2,geometry,tfidf_var_n_components_50,spectral,30,,,4,975,0.05422691879866518,"window, file, program, do, use, server, get, application, one, system","window, program, server, application, do, running, run, widget, motif, font",comp.windows.x,0.5323076923076923,1.9789584736463,0.4578878755496452,"comp.windows.x:519, comp.os.ms-windows.misc:283, comp.graphics:58",False,False,False,False,"Klaster 975 docs (5.4%); dominant='comp.windows.x' (0.53) - srednia zgodnosc etykiet post-hoc; sygnatura: window, program, server, application."
2,geometry,tfidf_var_n_components_50,spectral,30,,,5,512,0.028476084538375974,"would, fbi, fire, koresh, one, people, batf, know, child, think","fbi, koresh, batf, fire, child, compound, gas, bd, warrant, tank",talk.politics.guns,0.525390625,2.3834615578495053,0.5514810763901945,"talk.politics.guns:269, talk.politics.misc:88, talk.religion.misc:68",False,False,False,False,"Klaster 512 docs (2.8%); dominant='talk.politics.guns' (0.53) - srednia zgodnosc etykiet post-hoc; sygnatura: fbi, koresh, batf, fire."
2,geometry,tfidf_var_n_components_50,spectral,30,,,6,492,0.027363737486095663,"bike, one, like, get, would, ride, time, back, riding, well","bike, ride, dod, riding, motorcycle, dog, helmet, road, rider, rear",rec.motorcycles,0.9369918699186992,0.5024369759600953,0.11625296972303972,"rec.motorcycles:461, rec.autos:14, sci.electronics:4",False,False,True,False,"Klaster 492 docs (2.7%); dominant='rec.motorcycles' (0.94) - wysoka zgodnosc etykiet post-hoc; sygnatura: bike, ride, dod, riding."
2,geometry,tfidf_var_n_components_50,spectral,30,,,7,411,0.0228587319243604,"israel, israeli, arab, jew, would, people, palestinian, jewish, one, right","israel, arab, israeli, jew, palestinian, jewish, peace, adam, war, state",talk.politics.mideast,0.9221411192214112,0.586037519921494,0.13559631420401205,"talk.politics.mideast:379, alt.atheism:11, soc.religion.christian:7",False,False,True,False,"Klaster 411 docs (2.3%); dominant='talk.politics.mideast' (0.92) - wysoka zgodnosc etykiet post-hoc; sygnatura: israel, arab, israeli, jew."
2,geometry,tfidf_var_n_components_50,spectral,30,,,8,618,0.034371523915461624,"key, chip, encryption, would, one, clipper, government, use, system, bit","key, chip, clipper, encryption, phone, government, nsa, algorithm, escrow, secure",sci.crypt,0.872168284789644,0.9815660596623119,0.22711300098293127,"sci.crypt:539, sci.electronics:24, comp.sys.ibm.pc.hardware:8",False,False,True,False,"Klaster 618 docs (3.4%); dominant='sci.crypt' (0.87) - wysoka zgodnosc etykiet post-hoc; sygnatura: key, chip, clipper, encryption."
2,geometry,tfidf_var_n_components_50,spectral,30,,,9,36,0.0020022246941045607,"away, could, com, bob, tek, stay, said, vice, ico, bobbe","bobbe, tek, ico, beauchaine, bronx, sank, manhattan, bob, blew, queen",alt.atheism,0.7222222222222222,1.4973852049969802,0.34646231314406095,"alt.atheism:26, rec.motorcycles:4, rec.autos:2",False,False,True,False,"Klaster 36 docs (0.2%); dominant='alt.atheism' (0.72) - wysoka zgodnosc etykiet post-hoc; sygnatura: bobbe, tek, ico, beauchaine."
2,geometry,tfidf_var_n_components_50,spectral,30,,,10,84,0.0046718576195773085,"cheer, kent, book, christian, one, would, know, religion, well, read","cheer, kent, book, christian, religion, notion, jesus, read, believer, transcendental",talk.religion.misc,0.40476190476190477,2.5010617779341318,0.5786912051805697,"talk.religion.misc:34, alt.atheism:27, soc.religion.christian:4",False,False,False,False,"Klaster 84 docs (0.5%); dominant='talk.religion.misc' (0.40) - niska zgodnosc etykiet post-hoc; sygnatura: cheer, kent, book, christian."
2,geometry,tfidf_var_n_components_50,spectral,30,,,11,633,0.03520578420467186,"car, one, would, engine, get, like, also, good, new, know","car, engine, oil, ford, dealer, mile, auto, brake, wheel, speed",rec.autos,0.8009478672985783,1.2169567031099373,0.2815772674583688,"rec.autos:507, rec.motorcycles:51, sci.electronics:29",False,False,True,False,"Klaster 633 docs (3.5%); dominant='rec.autos' (0.80) - wysoka zgodnosc etykiet post-hoc; sygnatura: car, engine, oil, ford."
2,geometry,tfidf_var_n_components_50,spectral,30,,,12,577,0.032091212458286986,"file, image, jpeg, format, edu, program, graphic, system, ftp, data","file, format, image, program, gif, window, directory, convert, graphic, tiff",comp.graphics,0.41074523396880414,2.4476667640393734,0.5663367622739601,"comp.graphics:237, comp.os.ms-windows.misc:156, comp.windows.x:89",False,False,False,False,"Klaster 577 docs (3.2%); dominant='comp.graphics' (0.41) - niska zgodnosc etykiet post-hoc; sygnatura: file, format, image, program."
2,geometry,tfidf_var_n_components_50,spectral,30,,,13,286,0.015906562847608455,"armenian, people, one, turkish, said, muslim, would, turk, greek, turkey","armenian, muslim, turkish, turk, turkey, genocide, greek, armenia, serdar, azeri",talk.politics.mideast,0.9055944055944056,0.7183696113383992,0.16621507705974947,"talk.politics.mideast:259, talk.religion.misc:7, alt.atheism:6",False,False,True,False,"Klaster 286 docs (1.6%); dominant='talk.politics.mideast' (0.91) - wysoka zgodnosc etykiet post-hoc; sygnatura: armenian, muslim, turkish, turk."
2,geometry,tfidf_var_n_components_50,spectral,30,,,14,468,0.026028921023359287,"game, one, get, would, like, hockey, time, think, baseball, espn","game, espn, hockey, baseball, playoff, fan, night, team, pen, last",rec.sport.hockey,0.5982905982905983,1.6555145515105936,0.3830499987885012,"rec.sport.hockey:280, rec.sport.baseball:138, misc.forsale:15",False,False,False,False,"Klaster 468 docs (2.6%); dominant='rec.sport.hockey' (0.60) - srednia zgodnosc etykiet post-hoc; sygnatura: game, espn, hockey, baseball."
2,geometry,tfidf_var_n_components_50,spectral,30,,,15,556,0.03092324805339266,"drive, disk, scsi, hard, system, mb, controller, problem, one, floppy","drive, disk, scsi, hard, mb, floppy, ide, controller, cd, meg",comp.sys.ibm.pc.hardware,0.3776978417266187,2.4563552067572636,0.5683470786251664,"comp.sys.ibm.pc.hardware:210, comp.sys.mac.hardware:137, misc.forsale:94",False,False,False,False,"Klaster 556 docs (3.1%); dominant='comp.sys.ibm.pc.hardware' (0.38) - niska zgodnosc etykiet post-hoc; sygnatura: drive, disk, scsi, hard."
2,geometry,tfidf_var_n_components_50,spectral,30,,,16,181,0.010066740823136818,"printer, print, font, driver, use, hp, problem, laser, window, get","printer, driver, print, font, laser, postscript, hp, deskjet, ink, printing",comp.os.ms-windows.misc,0.3314917127071823,2.8422714442283064,0.6576396880805536,"comp.os.ms-windows.misc:60, comp.sys.mac.hardware:41, comp.sys.ibm.pc.hardware:20",False,False,False,False,"Klaster 181 docs (1.0%); dominant='comp.os.ms-windows.misc' (0.33) - niska zgodnosc etykiet post-hoc; sygnatura: printer, driver, print, font."
2,geometry,tfidf_var_n_components_50,spectral,30,,,17,731,0.04065628476084538,"space, would, one, system, nasa, launch, earth, year, time, also","space, nasa, orbit, launch, shuttle, mission, moon, satellite, earth, cost",sci.space,0.7250341997264022,1.8627038977869999,0.4309890995156747,"sci.space:530, comp.graphics:42, sci.electronics:32",False,False,True,False,"Klaster 731 docs (4.1%); dominant='sci.space' (0.73) - wysoka zgodnosc etykiet post-hoc; sygnatura: space, nasa, orbit, launch."
2,geometry,tfidf_var_n_components_50,spectral,30,,,18,449,0.024972191323692994,"ax, max, edu, pl, ei, tm, di, cx, wm, bhj","edu, university, ax, apr, mit, uiuc, internet, cc, david, colorado",comp.os.ms-windows.misc,0.0935412026726058,4.197583470103978,0.9712293629015997,"comp.os.ms-windows.misc:42, sci.space:36, comp.graphics:32",False,False,False,True,"Klaster 449 docs (2.5%); dominant='comp.os.ms-windows.misc' (0.09) - niska zgodnosc etykiet post-hoc; wysoka entropia etykiet; sygnatura: edu, university, ax, apr."
2,geometry,tfidf_var_n_components_50,spectral,30,,,19,1137,0.06323692992213571,"thanks, know, would, mail, please, anyone, list, advance, help, get","thanks, mail, advance, please, anyone, looking, know, hi, address, appreciated",comp.graphics,0.1627088830255057,3.862342553079171,0.8936619185423608,"comp.graphics:185, comp.windows.x:136, sci.electronics:126",False,False,False,True,"Klaster 1137 docs (6.3%); dominant='comp.graphics' (0.16) - niska zgodnosc etykiet post-hoc; wysoka entropia etykiet; sygnatura: thanks, mail, advance, please."
2,geometry,tfidf_var_n_components_50,spectral,30,,,20,1255,0.06979977753058954,"one, db, use, would, problem, like, get, monitor, work, line","monitor, color, apple, mac, use, problem, power, work, line, screen",sci.electronics,0.2860557768924303,3.1854817545524376,0.7370510764213575,"sci.electronics:359, comp.sys.mac.hardware:283, comp.graphics:139",False,False,False,False,"Klaster 1255 docs (7.0%); dominant='sci.electronics' (0.29) - niska zgodnosc etykiet post-hoc; sygnatura: monitor, color, apple, mac."
2,geometry,tfidf_var_n_components_50,spectral,30,,,21,1027,0.057119021134593995,"people, gun, would, right, one, state, law, government, think, time","gun, right, law, government, state, people, crime, weapon, police, criminal",talk.politics.guns,0.33982473222979553,2.9741021117416686,0.6881424323694536,"talk.politics.guns:349, talk.politics.misc:257, sci.crypt:96",False,False,False,False,"Klaster 1027 docs (5.7%); dominant='talk.politics.guns' (0.34) - niska zgodnosc etykiet post-hoc; sygnatura: gun, right, law, government."
2,geometry,tfidf_var_n_components_50,spectral,30,,,22,685,0.038097886540600666,"new, sale, offer, price, shipping, one, condition, st, please, good","sale, offer, shipping, new, price, condition, asking, sell, manual, excellent",misc.forsale,0.7562043795620438,1.6965043252425007,0.3925341393924127,"misc.forsale:518, sci.electronics:26, rec.autos:25",False,False,True,False,"Klaster 685 docs (3.8%); dominant='misc.forsale' (0.76) - wysoka zgodnosc etykiet post-hoc; sygnatura: sale, offer, shipping, new."
2,geometry,tfidf_var_n_components_50,spectral,30,,,23,721,0.04010011123470523,"one, would, patient, disease, time, medical, get, also, people, use","doctor, food, patient, disease, drug, msg, effect, cause, treatment, medical",sci.med,0.6740638002773925,2.143614457131877,0.49598568279460087,"sci.med:486, talk.politics.misc:46, sci.space:29",False,False,True,False,"Klaster 721 docs (4.0%); dominant='sci.med' (0.67) - wysoka zgodnosc etykiet post-hoc; sygnatura: doctor, food, patient, disease."
2,geometry,tfidf_var_n_components_50,spectral,30,,,24,487,0.027085650723025583,"team, game, play, player, pt, period, season, goal, hockey, la","team, player, hockey, season, play, nhl, goal, win, st, leaf",rec.sport.hockey,0.837782340862423,0.9888842827619752,0.22880627836723583,"rec.sport.hockey:408, rec.sport.baseball:49, sci.med:7",False,False,True,False,"Klaster 487 docs (2.7%); dominant='rec.sport.hockey' (0.84) - wysoka zgodnosc etykiet post-hoc; sygnatura: team, player, hockey, season."
2,geometry,tfidf_var_n_components_50,spectral,30,,,25,386,0.02146829810901001,"com, port, modem, serial, one, use, irq, would, request, mouse","com, port, modem, serial, irq, feustel, mouse, netcom, fax, pin",comp.sys.ibm.pc.hardware,0.21502590673575128,3.749262381264874,0.8674976304441703,"comp.sys.ibm.pc.hardware:83, talk.politics.guns:40, comp.sys.mac.hardware:37",False,False,False,True,"Klaster 386 docs (2.1%); dominant='comp.sys.ibm.pc.hardware' (0.22) - niska zgodnosc etykiet post-hoc; wysoka entropia etykiet; sygnatura: com, port, modem, serial."
2,geometry,tfidf_var_n_components_50,spectral,30,,,26,512,0.028476084538375974,"card, driver, window, video, ftp, know, get, one, problem, anyone","card, driver, ftp, video, site, version, window, mode, diamond, ati",comp.os.ms-windows.misc,0.271484375,2.8572039256565254,0.6610947389514562,"comp.os.ms-windows.misc:139, comp.sys.ibm.pc.hardware:135, comp.graphics:84",False,False,False,False,"Klaster 512 docs (2.8%); dominant='comp.os.ms-windows.misc' (0.27) - niska zgodnosc etykiet post-hoc; sygnatura: card, driver, ftp, video."
2,geometry,tfidf_var_n_components_50,spectral,30,,,27,2133,0.11863181312569522,"one, would, think, people, like, know, say, make, question, thing","think, people, say, post, question, religion, group, answer, like, moral",alt.atheism,0.17440225035161744,4.0063324538092475,0.926978044486337,"alt.atheism:372, talk.politics.misc:212, talk.religion.misc:177",False,False,False,True,"Klaster 2133 docs (11.9%); dominant='alt.atheism' (0.17) - niska zgodnosc etykiet post-hoc; wysoka entropia etykiet; sygnatura: think, people, say, post."
2,geometry,tfidf_var_n_components_50,spectral,30,,,28,438,0.02436040044493882,"year, ago, one, would, time, old, know, last, get, think","year, ago, old, last, month, week, couple, time, remember, several",rec.sport.hockey,0.1278538812785388,3.9755893913970257,0.9198647696383382,"rec.sport.hockey:56, sci.med:47, rec.sport.baseball:43",False,False,False,True,"Klaster 438 docs (2.4%); dominant='rec.sport.hockey' (0.13) - niska zgodnosc etykiet post-hoc; wysoka entropia etykiet; sygnatura: year, ago, old, last."
2,geometry,tfidf_var_n_components_50,spectral,30,,,29,401,0.022302558398220245,"mhz, scsi, mb, bit, chip, bus, dx, speed, cpu, one","mhz, bus, dx, mb, chip, cpu, speed, scsi, simms, board",comp.sys.ibm.pc.hardware,0.41895261845386533,2.163729467517622,0.5006398579553445,"comp.sys.ibm.pc.hardware:168, comp.sys.mac.hardware:135, sci.electronics:35",False,False,False,False,"Klaster 401 docs (2.2%); dominant='comp.sys.ibm.pc.hardware' (0.42) - niska zgodnosc etykiet post-hoc; sygnatura: mhz, bus, dx, mb."
3,geometry,tfidf_var_min_df_20,spectral,30,,,0,729,0.040547305189387615,"god, jesus, one, would, christian, christ, say, people, sin, bible","god, jesus, christian, christ, sin, bible, church, lord, heaven, faith",soc.religion.christian,0.635116598079561,1.5620849231465594,0.3614324183214506,"soc.religion.christian:463, talk.religion.misc:151, alt.atheism:85",False,False,False,False,"Klaster 729 docs (4.1%); dominant='soc.religion.christian' (0.64) - srednia zgodnosc etykiet post-hoc; sygnatura: god, jesus, christian, christ."
3,geometry,tfidf_var_min_df_20,spectral,30,,,1,654,0.036375771733689305,"like, would, look, one, sound, get, thing, something, know, good","like, sound, look, something, would, yeah, hear, thing, stuff, idea",rec.autos,0.08868501529051988,4.208355625395044,0.9737218049447262,"rec.autos:58, rec.motorcycles:57, sci.space:54",False,False,False,True,"Klaster 654 docs (3.6%); dominant='rec.autos' (0.09) - niska zgodnosc etykiet post-hoc; wysoka entropia etykiet; sygnatura: like, sound, look, something."
3,geometry,tfidf_var_min_df_20,spectral,30,,,2,580,0.03225985872406697,"key, chip, encryption, would, clipper, one, government, use, system, bit","key, chip, clipper, encryption, government, phone, escrow, nsa, algorithm, secure",sci.crypt,0.8689655172413793,1.0040070110599102,0.23230534821891258,"sci.crypt:504, sci.electronics:20, comp.sys.ibm.pc.hardware:8",False,False,True,False,"Klaster 580 docs (3.2%); dominant='sci.crypt' (0.87) - wysoka zgodnosc etykiet post-hoc; sygnatura: key, chip, clipper, encryption."
3,geometry,tfidf_var_min_df_20,spectral,30,,,3,594,0.033038544969130654,"drive, scsi, disk, hard, mb, system, controller, problem, ide, one","drive, scsi, disk, hard, mb, ide, controller, floppy, cd, meg",comp.sys.ibm.pc.hardware,0.41245791245791247,2.375364205829215,0.5496075255484141,"comp.sys.ibm.pc.hardware:245, comp.sys.mac.hardware:147, misc.forsale:86",False,False,False,False,"Klaster 594 docs (3.3%); dominant='comp.sys.ibm.pc.hardware' (0.41) - niska zgodnosc etykiet post-hoc; sygnatura: drive, scsi, disk, hard."
3,geometry,tfidf_var_min_df_20,spectral,30,,,4,561,0.031203070248623396,"people, would, one, like, think, make, get, want, know, thing","people, homosexual, want, many, gay, money, thing, make, life, see",talk.politics.misc,0.20499108734402852,3.9640795577989034,0.9172016449066385,"talk.politics.misc:115, alt.atheism:48, soc.religion.christian:42",False,False,False,True,"Klaster 561 docs (3.1%); dominant='talk.politics.misc' (0.20) - niska zgodnosc etykiet post-hoc; wysoka entropia etykiet; sygnatura: people, homosexual, want, many."
3,geometry,tfidf_var_min_df_20,spectral,30,,,5,478,0.026586573224317258,"year, player, would, game, run, hit, one, good, team, get","player, hit, pitcher, run, team, year, hitter, league, pitching, pitch",rec.sport.baseball,0.8493723849372385,1.196345000993743,0.2768081686525426,"rec.sport.baseball:406, rec.sport.hockey:13, sci.space:8",False,False,True,False,"Klaster 478 docs (2.7%); dominant='rec.sport.baseball' (0.85) - wysoka zgodnosc etykiet post-hoc; sygnatura: player, hit, pitcher, run."
3,geometry,tfidf_var_min_df_20,spectral,30,,,6,508,0.028255186606596584,"year, ago, one, time, would, old, know, get, last, new","year, ago, old, last, month, time, remember, week, couple, several",rec.sport.hockey,0.10236220472440945,4.075785960073676,0.9430480726634807,"rec.sport.hockey:52, rec.sport.baseball:49, sci.med:48",False,False,False,True,"Klaster 508 docs (2.8%); dominant='rec.sport.hockey' (0.10) - niska zgodnosc etykiet post-hoc; wysoka entropia etykiet; sygnatura: year, ago, old, last."
3,geometry,tfidf_var_min_df_20,spectral,30,,,7,734,0.04082540741976751,"new, sale, price, offer, shipping, one, condition, please, st, good","sale, offer, price, shipping, condition, new, sell, asking, interested, manual",misc.forsale,0.7193460490463215,1.854487807797148,0.429088075294663,"misc.forsale:528, comp.sys.mac.hardware:44, sci.electronics:29",False,False,True,False,"Klaster 734 docs (4.1%); dominant='misc.forsale' (0.72) - wysoka zgodnosc etykiet post-hoc; sygnatura: sale, offer, price, shipping."
3,geometry,tfidf_var_min_df_20,spectral,30,,,8,715,0.03976861894432393,"one, god, say, would, belief, people, believe, atheist, think, religion","atheist, say, belief, religion, god, evidence, believe, claim, argument, objective",alt.atheism,0.3706293706293706,3.0484812932221024,0.7053521544766819,"alt.atheism:265, soc.religion.christian:110, talk.religion.misc:107",False,False,False,False,"Klaster 715 docs (4.0%); dominant='alt.atheism' (0.37) - niska zgodnosc etykiet post-hoc; sygnatura: atheist, say, belief, religion."
3,geometry,tfidf_var_min_df_20,spectral,30,,,9,682,0.037933144223816675,"file, image, jpeg, program, format, gif, bit, color, use, window","file, format, image, program, ftp, gif, directory, zip, site, convert",comp.graphics,0.38563049853372433,2.8137876792106247,0.6510491654267,"comp.graphics:263, comp.os.ms-windows.misc:161, comp.windows.x:90",False,False,False,False,"Klaster 682 docs (3.8%); dominant='comp.graphics' (0.39) - niska zgodnosc etykiet post-hoc; sygnatura: file, format, image, program."
3,geometry,tfidf_var_min_df_20,spectral,30,,,10,479,0.026642193670393235,"bike, one, get, would, like, ride, time, riding, well, dod","bike, ride, dod, riding, motorcycle, helmet, rider, road, dog, bmw",rec.motorcycles,0.9331941544885177,0.5399837866244009,0.12494048368439455,"rec.motorcycles:447, rec.autos:13, misc.forsale:4",False,False,True,False,"Klaster 479 docs (2.7%); dominant='rec.motorcycles' (0.93) - wysoka zgodnosc etykiet post-hoc; sygnatura: bike, ride, dod, riding."
3,geometry,tfidf_var_min_df_20,spectral,30,,,11,713,0.039657378052171975,"db, use, one, used, would, power, line, get, wire, bit","use, power, used, line, voltage, output, circuit, battery, input, signal",sci.electronics,0.43899018232819076,3.0456600016186157,0.7046993690666645,"sci.electronics:313, comp.windows.x:59, comp.sys.ibm.pc.hardware:54",False,False,False,False,"Klaster 713 docs (4.0%); dominant='sci.electronics' (0.44) - niska zgodnosc etykiet post-hoc; sygnatura: use, power, used, line."
3,geometry,tfidf_var_min_df_20,spectral,30,,,12,785,0.043662050169642364,"thanks, advance, would, anyone, please, mail, know, looking, could, help","thanks, advance, mail, please, anyone, hi, looking, info, help, appreciated",comp.graphics,0.17834394904458598,3.7337229014268445,0.8639021333658149,"comp.graphics:140, comp.windows.x:106, sci.electronics:88",False,False,False,True,"Klaster 785 docs (4.4%); dominant='comp.graphics' (0.18) - niska zgodnosc etykiet post-hoc; wysoka entropia etykiet; sygnatura: thanks, advance, mail, please."
3,geometry,tfidf_var_min_df_20,spectral,30,,,13,447,0.024862339395961955,"game, one, get, would, time, baseball, espn, hockey, think, like","game, espn, baseball, hockey, playoff, fan, night, pen, last, team",rec.sport.hockey,0.5458612975391499,1.9149959899674942,0.4430883503667829,"rec.sport.hockey:244, rec.sport.baseball:131, misc.forsale:27",False,False,False,False,"Klaster 447 docs (2.5%); dominant='rec.sport.hockey' (0.55) - srednia zgodnosc etykiet post-hoc; sygnatura: game, espn, baseball, hockey."
3,geometry,tfidf_var_min_df_20,spectral,30,,,14,472,0.026252850547861393,"would, fbi, fire, koresh, one, people, batf, know, child, said","fbi, koresh, batf, fire, child, compound, gas, bd, tank, waco",talk.politics.guns,0.5338983050847458,2.185917256395911,0.505773628899969,"talk.politics.guns:252, talk.politics.misc:91, talk.religion.misc:64",False,False,False,False,"Klaster 472 docs (2.6%); dominant='talk.politics.guns' (0.53) - srednia zgodnosc etykiet post-hoc; sygnatura: fbi, koresh, batf, fire."
3,geometry,tfidf_var_min_df_20,spectral,30,,,15,878,0.04883475165470827,"card, bit, driver, mhz, mb, video, one, monitor, bus, system","card, driver, video, monitor, mhz, bus, mb, dx, board, bit",comp.sys.ibm.pc.hardware,0.31776765375854216,2.6410058996016574,0.6110712259942138,"comp.sys.ibm.pc.hardware:279, comp.sys.mac.hardware:259, comp.os.ms-windows.misc:98",False,False,False,False,"Klaster 878 docs (4.9%); dominant='comp.sys.ibm.pc.hardware' (0.32) - niska zgodnosc etykiet post-hoc; sygnatura: card, driver, video, monitor."
3,geometry,tfidf_var_min_df_20,spectral,30,,,16,720,0.04004672117470382,"ax, max, pl, com, ei, tm, di, cx, wm, bhj","com, list, article, address, ax, post, modem, netcom, port, feustel",talk.politics.guns,0.08472222222222223,4.21224862657832,0.9746225606023412,"talk.politics.guns:61, comp.os.ms-windows.misc:57, comp.sys.ibm.pc.hardware:54",False,False,False,True,"Klaster 720 docs (4.0%); dominant='talk.politics.guns' (0.08) - niska zgodnosc etykiet post-hoc; wysoka entropia etykiet; sygnatura: com, list, article, address."
3,geometry,tfidf_var_min_df_20,spectral,30,,,17,530,0.02947883642026809,"team, game, player, play, pt, hockey, goal, period, season, year","team, player, hockey, season, nhl, play, goal, game, win, st",rec.sport.hockey,0.8471698113207548,0.9155536771476129,0.21183917387026172,"rec.sport.hockey:449, rec.sport.baseball:57, sci.electronics:4",False,False,True,False,"Klaster 530 docs (2.9%); dominant='rec.sport.hockey' (0.85) - wysoka zgodnosc etykiet post-hoc; sygnatura: team, player, hockey, season."
3,geometry,tfidf_var_min_df_20,spectral,30,,,18,709,0.039434896267868065,"gun, right, would, people, law, state, one, government, firearm, crime","gun, law, right, state, government, crime, weapon, firearm, amendment, police",talk.politics.guns,0.39774330042313116,2.8539499795908996,0.6603418467250735,"talk.politics.guns:282, talk.politics.misc:151, sci.crypt:76",False,False,False,False,"Klaster 709 docs (3.9%); dominant='talk.politics.guns' (0.40) - niska zgodnosc etykiet post-hoc; sygnatura: gun, law, right, state."
3,geometry,tfidf_var_min_df_20,spectral,30,,,19,539,0.029979420434951887,"edu, com, one, university, would, mail, please, send, apr, get","edu, university, apr, uiuc, mit, internet, cc, email, au, ftp",comp.graphics,0.08348794063079777,4.199207556229213,0.9716051410472742,"comp.graphics:45, sci.electronics:44, comp.os.ms-windows.misc:42",False,False,False,True,"Klaster 539 docs (3.0%); dominant='comp.graphics' (0.08) - niska zgodnosc etykiet post-hoc; wysoka entropia etykiet; sygnatura: edu, university, apr, uiuc."
3,geometry,tfidf_var_min_df_20,spectral,30,,,20,290,0.016129929362033484,"armenian, turkish, people, muslim, one, greek, turk, turkey, government, armenia","armenian, muslim, turkish, turkey, turk, genocide, greek, armenia, serdar, war",talk.politics.mideast,0.8689655172413793,0.9694627857764413,0.22431256709783537,"talk.politics.mideast:252, talk.religion.misc:8, alt.atheism:8",False,False,True,False,"Klaster 290 docs (1.6%); dominant='talk.politics.mideast' (0.87) - wysoka zgodnosc etykiet post-hoc; sygnatura: armenian, muslim, turkish, turkey."
3,geometry,tfidf_var_min_df_20,spectral,30,,,21,597,0.03320540630735858,"one, patient, disease, health, medical, would, doctor, also, use, drug","patient, doctor, disease, gordon, geb, msg, pitt, skepticism, shameful, dsl",sci.med,0.8375209380234506,1.222399578444393,0.2828366302277065,"sci.med:500, talk.politics.misc:30, alt.atheism:7",False,False,True,False,"Klaster 597 docs (3.3%); dominant='sci.med' (0.84) - wysoka zgodnosc etykiet post-hoc; sygnatura: patient, doctor, disease, gordon."
3,geometry,tfidf_var_min_df_20,spectral,30,,,22,868,0.048278547193948494,"window, do, use, file, application, program, problem, server, get, system","window, server, application, do, program, running, problem, font, run, manager",comp.windows.x,0.5,1.8291881949803463,0.4232342960874777,"comp.windows.x:434, comp.os.ms-windows.misc:312, comp.graphics:39",False,False,False,False,"Klaster 868 docs (4.8%); dominant='comp.windows.x' (0.50) - srednia zgodnosc etykiet post-hoc; sygnatura: window, server, application, do."
3,geometry,tfidf_var_min_df_20,spectral,30,,,23,509,0.02831080705267256,"file, edu, one, system, also, program, image, would, information, available","book, church, christian, bible, information, group, graphic, catholic, read, issue",soc.religion.christian,0.26719056974459726,3.475172315234063,0.8040791607211207,"soc.religion.christian:136, comp.graphics:79, talk.religion.misc:47",False,False,False,True,"Klaster 509 docs (2.8%); dominant='soc.religion.christian' (0.27) - niska zgodnosc etykiet post-hoc; wysoka entropia etykiet; sygnatura: book, church, christian, bible."
3,geometry,tfidf_var_min_df_20,spectral,30,,,24,612,0.03403971299849825,"space, would, nasa, one, launch, system, earth, year, also, mission","space, nasa, orbit, shuttle, launch, mission, satellite, moon, earth, cost",sci.space,0.8202614379084967,1.341749890995096,0.3104516922857469,"sci.space:502, talk.politics.misc:18, sci.electronics:18",False,False,True,False,"Klaster 612 docs (3.4%); dominant='sci.space' (0.82) - wysoka zgodnosc etykiet post-hoc; sygnatura: space, nasa, orbit, shuttle."
3,geometry,tfidf_var_min_df_20,spectral,30,,,25,513,0.02853328883697647,"think, would, one, right, get, like, well, also, people, see","think, thought, right, pretty, gsxr, umanitoba, arch, wrong, motto, eng",rec.motorcycles,0.09746588693957114,4.167520654271063,0.9642734822916289,"rec.motorcycles:50, alt.atheism:50, rec.sport.baseball:41",False,False,False,True,"Klaster 513 docs (2.9%); dominant='rec.motorcycles' (0.10) - niska zgodnosc etykiet post-hoc; wysoka entropia etykiet; sygnatura: think, thought, right, pretty."
3,geometry,tfidf_var_min_df_20,spectral,30,,,26,635,0.03531898325824573,"know, would, one, anyone, let, get, like, want, please, thing","know, anyone, let, please, anybody, want, hello, thanks, appreciated, sure",sci.electronics,0.11181102362204724,4.211724685112845,0.9745013319622594,"sci.electronics:71, comp.sys.mac.hardware:60, sci.med:46",False,False,False,True,"Klaster 635 docs (3.5%); dominant='sci.electronics' (0.11) - niska zgodnosc etykiet post-hoc; wysoka entropia etykiet; sygnatura: know, anyone, let, please."
3,geometry,tfidf_var_min_df_20,spectral,30,,,27,474,0.026364091440013348,"time, one, say, said, would, know, problem, get, people, go","time, problem, day, say, going, got, thing, fix, get, long",comp.sys.mac.hardware,0.1371308016877637,4.171013724509937,0.9650817026419412,"comp.sys.mac.hardware:65, sci.med:37, comp.sys.ibm.pc.hardware:35",False,False,False,True,"Klaster 474 docs (2.6%); dominant='comp.sys.mac.hardware' (0.14) - niska zgodnosc etykiet post-hoc; wysoka entropia etykiet; sygnatura: time, problem, day, say."
3,geometry,tfidf_var_min_df_20,spectral,30,,,28,580,0.03225985872406697,"car, one, would, engine, get, like, also, new, good, know","car, engine, oil, ford, dealer, mile, auto, brake, owner, price",rec.autos,0.7948275862068965,1.3219530874813605,0.305871143262464,"rec.autos:461, rec.motorcycles:36, misc.forsale:26",False,False,True,False,"Klaster 580 docs (3.2%); dominant='rec.autos' (0.79) - wysoka zgodnosc etykiet post-hoc; sygnatura: car, engine, oil, ford."
3,geometry,tfidf_var_min_df_20,spectral,30,,,29,394,0.021914455753935146,"israel, israeli, arab, jew, would, palestinian, people, jewish, right, one","israel, arab, israeli, jew, palestinian, jewish, peace, war, adam, lebanon",talk.politics.mideast,0.9238578680203046,0.5833693904442422,0.13497896717308663,"talk.politics.mideast:364, soc.religion.christian:9, alt.atheism:6",False,False,True,False,"Klaster 394 docs (2.2%); dominant='talk.politics.mideast' (0.92) - wysoka zgodnosc etykiet post-hoc; sygnatura: israel, arab, israeli, jew."
4,semantic,sbert,hierarchical,30,euclidean,ward,0,606,0.033692872233959746,"one, use, modem, com, problem, port, get, would, work, keyboard","modem, mouse, port, keyboard, serial, irq, pin, phone, fax, com",comp.sys.ibm.pc.hardware,0.30198019801980197,2.5813085972291896,0.5972585708408144,"comp.sys.ibm.pc.hardware:183, comp.sys.mac.hardware:143, sci.electronics:126",False,False,False,False,"Klaster 606 docs (3.4%); dominant='comp.sys.ibm.pc.hardware' (0.30) - niska zgodnosc etykiet post-hoc; sygnatura: modem, mouse, port, keyboard."
4,semantic,sbert,hierarchical,30,euclidean,ward,1,596,0.033136884243300344,"israel, israeli, would, arab, jew, people, one, muslim, right, jewish","israel, arab, jew, israeli, muslim, jewish, palestinian, islam, nazi, war",talk.politics.mideast,0.7399328859060402,1.4157265124964618,0.32756827078432876,"talk.politics.mideast:441, alt.atheism:73, soc.religion.christian:25",False,False,True,False,"Klaster 596 docs (3.3%); dominant='talk.politics.mideast' (0.74) - wysoka zgodnosc etykiet post-hoc; sygnatura: israel, arab, jew, israeli."
4,semantic,sbert,hierarchical,30,euclidean,ward,2,1002,0.05570999666407206,"ax, max, image, file, pl, jpeg, graphic, edu, color, program","image, file, graphic, color, program, format, gif, window, widget, display",comp.graphics,0.5469061876247505,1.898052248842051,0.4391679378209363,"comp.graphics:548, comp.windows.x:265, comp.os.ms-windows.misc:101",False,False,False,False,"Klaster 1002 docs (5.6%); dominant='comp.graphics' (0.55) - srednia zgodnosc etykiet post-hoc; sygnatura: image, file, graphic, color."
4,semantic,sbert,hierarchical,30,euclidean,ward,3,526,0.029244968308684532,"game, get, would, one, espn, time, year, hockey, baseball, know","game, espn, ticket, baseball, hockey, helmet, fan, sport, abc, coverage",rec.sport.hockey,0.35361216730038025,2.4441564413630466,0.5655245500854974,"rec.sport.hockey:186, rec.sport.baseball:184, misc.forsale:53",False,False,False,False,"Klaster 526 docs (2.9%); dominant='rec.sport.hockey' (0.35) - niska zgodnosc etykiet post-hoc; sygnatura: game, espn, ticket, baseball."
4,semantic,sbert,hierarchical,30,euclidean,ward,4,1214,0.06749694206605138,"god, one, jesus, would, christian, people, say, church, christ, bible","god, jesus, christian, church, bible, christ, sin, religion, book, faith",soc.religion.christian,0.5700164744645799,1.7834392440312101,0.41264898556293306,"soc.religion.christian:692, talk.religion.misc:276, alt.atheism:169",False,False,False,False,"Klaster 1214 docs (6.7%); dominant='soc.religion.christian' (0.57) - srednia zgodnosc etykiet post-hoc; sygnatura: god, jesus, christian, church."
4,semantic,sbert,hierarchical,30,euclidean,ward,5,519,0.02885577671522295,"one, sound, would, like, get, use, system, work, time, detector","sound, detector, radar, signal, audio, channel, radio, amp, frequency, speaker",sci.electronics,0.4161849710982659,2.8242759605344636,0.6534759252185267,"sci.electronics:216, misc.forsale:88, sci.crypt:46",False,False,False,False,"Klaster 519 docs (2.9%); dominant='sci.electronics' (0.42) - niska zgodnosc etykiet post-hoc; sygnatura: sound, detector, radar, signal."
4,semantic,sbert,hierarchical,30,euclidean,ward,6,1458,0.08106304903814078,"would, people, think, one, know, president, mr, like, time, say","clinton, tax, people, president, american, health, bush, government, deleted, think",talk.politics.misc,0.2167352537722908,3.544170361801278,0.8200438054473569,"talk.politics.misc:316, alt.atheism:192, talk.politics.guns:150",False,False,False,True,"Klaster 1458 docs (8.1%); dominant='talk.politics.misc' (0.22) - niska zgodnosc etykiet post-hoc; wysoka entropia etykiet; sygnatura: clinton, tax, people, president."
4,semantic,sbert,hierarchical,30,euclidean,ward,7,804,0.0447014344490159,"key, would, chip, one, encryption, use, government, system, clipper, people","key, encryption, chip, clipper, government, nsa, phone, algorithm, escrow, security",sci.crypt,0.7910447761194029,1.4968697898158592,0.34634305730041776,"sci.crypt:636, talk.politics.guns:30, talk.politics.mideast:24",False,False,True,False,"Klaster 804 docs (4.5%); dominant='sci.crypt' (0.79) - wysoka zgodnosc etykiet post-hoc; sygnatura: key, encryption, chip, clipper."
4,semantic,sbert,hierarchical,30,euclidean,ward,8,574,0.03191371066384966,"space, would, nasa, launch, mission, one, system, earth, satellite, orbit","space, orbit, nasa, launch, shuttle, moon, mission, satellite, earth, sky",sci.space,0.8257839721254355,1.1335102542340623,0.26226957722294164,"sci.space:474, sci.electronics:37, sci.med:27",False,False,True,False,"Klaster 574 docs (3.2%); dominant='sci.space' (0.83) - wysoka zgodnosc etykiet post-hoc; sygnatura: space, orbit, nasa, launch."
4,semantic,sbert,hierarchical,30,euclidean,ward,9,426,0.023685088402090514,"drive, scsi, disk, hard, mb, controller, problem, ide, system, one","drive, scsi, disk, ide, controller, mb, hard, cd, floppy, mac",comp.sys.ibm.pc.hardware,0.4859154929577465,1.881952368289404,0.4354427762265793,"comp.sys.ibm.pc.hardware:207, comp.sys.mac.hardware:130, misc.forsale:39",False,False,False,False,"Klaster 426 docs (2.4%); dominant='comp.sys.ibm.pc.hardware' (0.49) - srednia zgodnosc etykiet post-hoc; sygnatura: drive, scsi, disk, ide."
4,semantic,sbert,hierarchical,30,euclidean,ward,10,703,0.039085955743355945,"game, team, player, play, goal, year, hockey, period, season, pt","game, team, player, hockey, goal, season, playoff, nhl, play, leaf",rec.sport.hockey,0.9374110953058321,0.38327643498715974,0.08868181667357163,"rec.sport.hockey:659, rec.sport.baseball:39, talk.politics.misc:2",False,False,True,False,"Klaster 703 docs (3.9%); dominant='rec.sport.hockey' (0.94) - wysoka zgodnosc etykiet post-hoc; sygnatura: game, team, player, hockey."
4,semantic,sbert,hierarchical,30,euclidean,ward,11,874,0.04859335038363171,"edu, com, would, one, know, please, mail, software, list, system","address, mail, please, ftp, thanks, software, edu, anyone, com, site",sci.electronics,0.21052631578947367,3.55786221104633,0.8232118010605297,"sci.electronics:184, comp.graphics:145, comp.os.ms-windows.misc:100",False,False,False,True,"Klaster 874 docs (4.9%); dominant='sci.electronics' (0.21) - niska zgodnosc etykiet post-hoc; wysoka entropia etykiet; sygnatura: address, mail, please, ftp."
4,semantic,sbert,hierarchical,30,euclidean,ward,12,266,0.014789280551540086,"font, printer, window, print, hp, problem, use, get, character, one","font, printer, print, window, character, laser, hp, driver, ink, truetype",comp.os.ms-windows.misc,0.37218045112781956,2.5085779471261955,0.5804302829780359,"comp.os.ms-windows.misc:99, comp.sys.mac.hardware:55, comp.windows.x:40",False,False,False,False,"Klaster 266 docs (1.5%); dominant='comp.os.ms-windows.misc' (0.37) - niska zgodnosc etykiet post-hoc; sygnatura: font, printer, print, window."
4,semantic,sbert,hierarchical,30,euclidean,ward,13,776,0.043144668075169576,"do, mhz, card, system, one, mb, drive, bit, would, mac","mhz, simms, mb, card, dx, chip, mac, ram, meg, bus",comp.sys.mac.hardware,0.3956185567010309,2.3347978667298586,0.5402213584931722,"comp.sys.mac.hardware:307, comp.sys.ibm.pc.hardware:204, misc.forsale:127",False,False,False,False,"Klaster 776 docs (4.3%); dominant='comp.sys.mac.hardware' (0.40) - niska zgodnosc etykiet post-hoc; sygnatura: mhz, simms, mb, card."
4,semantic,sbert,hierarchical,30,euclidean,ward,14,441,0.024519070388079618,"card, monitor, driver, video, window, mode, would, problem, screen, one","card, monitor, video, driver, vga, mode, color, diamond, screen, ati",comp.sys.ibm.pc.hardware,0.3492063492063492,2.3793457796101882,0.5505287749754195,"comp.sys.ibm.pc.hardware:154, comp.sys.mac.hardware:89, comp.os.ms-windows.misc:76",False,False,False,False,"Klaster 441 docs (2.5%); dominant='comp.sys.ibm.pc.hardware' (0.35) - niska zgodnosc etykiet post-hoc; sygnatura: card, monitor, video, driver."
4,semantic,sbert,hierarchical,30,euclidean,ward,15,187,0.010396975425330813,"homosexual, homosexuality, people, one, sex, would, gay, god, men, paul","homosexual, gay, homosexuality, sex, men, sexual, heterosexual, male, people, christian",talk.politics.misc,0.5187165775401069,1.5266278926600612,0.35322843396353354,"talk.politics.misc:97, soc.religion.christian:66, alt.atheism:18",False,False,False,False,"Klaster 187 docs (1.0%); dominant='talk.politics.misc' (0.52) - srednia zgodnosc etykiet post-hoc; sygnatura: homosexual, gay, homosexuality, sex."
4,semantic,sbert,hierarchical,30,euclidean,ward,16,206,0.011453352607583676,"armenian, people, one, turkish, said, greek, turk, turkey, armenia, would","armenian, turkish, turk, turkey, greek, armenia, genocide, muslim, azeri, soviet",talk.politics.mideast,0.9854368932038835,0.1327957155823468,0.030726035386714985,"talk.politics.mideast:203, sci.med:1, talk.politics.guns:1",False,False,True,False,"Klaster 206 docs (1.1%); dominant='talk.politics.mideast' (0.99) - wysoka zgodnosc etykiet post-hoc; sygnatura: armenian, turkish, turk, turkey."
4,semantic,sbert,hierarchical,30,euclidean,ward,17,656,0.03647281218725675,"one, patient, disease, would, medical, health, also, cancer, get, use","doctor, patient, disease, msg, treatment, drug, effect, food, gordon, geb",sci.med,0.9557926829268293,0.39669108419660587,0.09178567423781823,"sci.med:627, talk.politics.misc:9, rec.motorcycles:6",False,False,True,False,"Klaster 656 docs (3.6%); dominant='sci.med' (0.96) - wysoka zgodnosc etykiet post-hoc; sygnatura: doctor, patient, disease, msg."
4,semantic,sbert,hierarchical,30,euclidean,ward,18,498,0.027688201934838206,"file, window, program, db, entry, use, get, widget, server, edu","window, server, xterm, application, sun, widget, program, display, file, running",comp.windows.x,0.8995983935742972,0.7070992457640561,0.1636073600115007,"comp.windows.x:448, comp.os.ms-windows.misc:26, comp.graphics:9",False,False,True,False,"Klaster 498 docs (2.8%); dominant='comp.windows.x' (0.90) - wysoka zgodnosc etykiet post-hoc; sygnatura: window, server, xterm, application."
4,semantic,sbert,hierarchical,30,euclidean,ward,19,339,0.01884799288335372,"fbi, would, koresh, batf, fire, one, people, child, could, compound","fbi, koresh, batf, fire, compound, warrant, waco, child, bd, davidians",talk.politics.guns,0.5929203539823009,1.7059871527295483,0.39472825907206804,"talk.politics.guns:201, talk.politics.misc:64, talk.religion.misc:52",False,False,False,False,"Klaster 339 docs (1.9%); dominant='talk.politics.guns' (0.59) - srednia zgodnosc etykiet post-hoc; sygnatura: fbi, koresh, batf, fire."
4,semantic,sbert,hierarchical,30,euclidean,ward,20,276,0.015345268542199489,"gun, firearm, people, right, would, file, state, one, weapon, law","gun, firearm, weapon, crime, amendment, handgun, right, law, militia, people",talk.politics.guns,0.8768115942028986,0.8358266043167888,0.19339206621820762,"talk.politics.guns:242, sci.crypt:13, talk.religion.misc:9",False,False,True,False,"Klaster 276 docs (1.5%); dominant='talk.politics.guns' (0.88) - wysoka zgodnosc etykiet post-hoc; sygnatura: gun, firearm, weapon, crime."
4,semantic,sbert,hierarchical,30,euclidean,ward,21,492,0.027354609140442566,"bike, one, car, get, would, like, ride, motorcycle, road, dog","bike, motorcycle, dog, ride, road, tire, riding, car, front, rider",rec.motorcycles,0.7865853658536586,1.111944414189615,0.25727971168816827,"rec.motorcycles:387, rec.autos:73, misc.forsale:14",False,False,True,False,"Klaster 492 docs (2.7%); dominant='rec.motorcycles' (0.79) - wysoka zgodnosc etykiet post-hoc; sygnatura: bike, motorcycle, dog, ride."
4,semantic,sbert,hierarchical,30,euclidean,ward,22,578,0.03213610586011342,"car, one, like, would, get, new, engine, also, year, know","car, engine, ford, mile, dealer, price, bmw, toyota, insurance, turbo",rec.autos,0.745674740484429,1.3379548005693158,0.3095735910442502,"rec.autos:431, rec.motorcycles:77, misc.forsale:41",False,False,True,False,"Klaster 578 docs (3.2%); dominant='rec.autos' (0.75) - wysoka zgodnosc etykiet post-hoc; sygnatura: car, engine, ford, mile."
4,semantic,sbert,hierarchical,30,euclidean,ward,23,496,0.027577004336706328,"window, file, do, system, program, disk, one, use, get, like","window, do, file, program, nt, win, system, memory, microsoft, disk",comp.os.ms-windows.misc,0.6512096774193549,1.8896446958539845,0.4372226132335115,"comp.os.ms-windows.misc:323, comp.graphics:45, comp.sys.ibm.pc.hardware:43",False,False,True,False,"Klaster 496 docs (2.8%); dominant='comp.os.ms-windows.misc' (0.65) - wysoka zgodnosc etykiet post-hoc; sygnatura: window, do, file, program."
4,semantic,sbert,hierarchical,30,euclidean,ward,24,751,0.04175469809852107,"would, one, like, get, water, time, car, battery, know, use","battery, gas, oil, car, water, engine, bike, clutch, lock, tank",rec.autos,0.22902796271637815,3.11901285944736,0.7216716222412413,"rec.autos:172, rec.motorcycles:160, sci.electronics:108",False,False,False,False,"Klaster 751 docs (4.2%); dominant='rec.autos' (0.23) - niska zgodnosc etykiet post-hoc; sygnatura: battery, gas, oil, car."
4,semantic,sbert,hierarchical,30,euclidean,ward,25,615,0.034193261425553206,"game, year, would, team, player, run, one, hit, think, last","game, team, player, pitcher, year, baseball, hit, pitching, brave, run",rec.sport.baseball,0.9723577235772358,0.22221080968279044,0.05141474008918736,"rec.sport.baseball:598, rec.sport.hockey:12, talk.politics.mideast:2",False,False,True,False,"Klaster 615 docs (3.4%); dominant='rec.sport.baseball' (0.97) - wysoka zgodnosc etykiet post-hoc; sygnatura: game, team, player, pitcher."
4,semantic,sbert,hierarchical,30,euclidean,ward,26,257,0.014288891359946624,"god, one, atheist, would, belief, believe, atheism, science, people, say","god, atheist, atheism, science, belief, believe, theory, religion, existence, christian",alt.atheism,0.5058365758754864,1.9246354674819193,0.44531871544986423,"alt.atheism:130, soc.religion.christian:54, talk.religion.misc:38",False,False,False,False,"Klaster 257 docs (1.4%); dominant='alt.atheism' (0.51) - srednia zgodnosc etykiet post-hoc; sygnatura: god, atheist, atheism, science."
4,semantic,sbert,hierarchical,30,euclidean,ward,27,908,0.05048370955187368,"one, would, get, know, edu, like, time, think, could, new","dod, edu, faq, baden, day, smiley, tom, ca, bison, technician",sci.space,0.14647577092511013,4.040701193851439,0.9349302221458516,"sci.space:133, sci.electronics:95, rec.motorcycles:92",False,False,False,True,"Klaster 908 docs (5.0%); dominant='sci.space' (0.15) - niska zgodnosc etykiet post-hoc; wysoka entropia etykiet; sygnatura: dod, edu, faq, baden."
4,semantic,sbert,hierarchical,30,euclidean,ward,28,541,0.030078950294673636,"people, right, would, one, drug, government, think, moral, say, law","moral, people, right, morality, drug, government, law, objective, crime, freedom",talk.politics.misc,0.28835489833641403,3.03140632615468,0.70140137910686,"talk.politics.misc:156, talk.politics.guns:95, alt.atheism:81",False,False,False,False,"Klaster 541 docs (3.0%); dominant='talk.politics.misc' (0.29) - niska zgodnosc etykiet post-hoc; sygnatura: moral, people, right, morality."
4,semantic,sbert,hierarchical,30,euclidean,ward,29,401,0.02229511842544201,"new, price, st, game, do, sale, shipping, copy, art, one","sale, shipping, offer, price, game, sell, condition, interested, new, manual",misc.forsale,0.7556109725685786,1.586436449185589,0.3670668309040746,"misc.forsale:303, sci.electronics:28, rec.motorcycles:11",False,False,True,False,"Klaster 401 docs (2.2%); dominant='misc.forsale' (0.76) - wysoka zgodnosc etykiet post-hoc; sygnatura: sale, shipping, offer, price."
5,semantic,sbert,kmeans,20,,,0,778,0.043255865673301454,"one, patient, would, disease, medical, get, health, also, use, like","doctor, patient, disease, msg, drug, medical, food, effect, treatment, cause",sci.med,0.897172236503856,0.8654809833854848,0.20025344345948468,"sci.med:698, talk.politics.misc:16, sci.space:10",False,False,True,False,"Klaster 778 docs (4.3%); dominant='sci.med' (0.90) - wysoka zgodnosc etykiet post-hoc; sygnatura: doctor, patient, disease, msg."
5,semantic,sbert,kmeans,20,,,1,708,0.03936394973868564,"window, file, program, use, get, entry, widget, server, application, one","window, server, xterm, widget, application, motif, display, client, program, sun",comp.windows.x,0.8898305084745762,0.6984482465129267,0.16160570726272797,"comp.windows.x:630, comp.os.ms-windows.misc:47, comp.graphics:17",False,False,True,False,"Klaster 708 docs (3.9%); dominant='comp.windows.x' (0.89) - wysoka zgodnosc etykiet post-hoc; sygnatura: window, server, xterm, widget."
5,semantic,sbert,kmeans,20,,,2,979,0.054431224285555434,"price, new, one, sale, drive, offer, shipping, please, would, get","sale, price, offer, shipping, sell, condition, drive, cd, interested, please",misc.forsale,0.6414708886618999,1.990547840441807,0.4605694025304427,"misc.forsale:628, comp.sys.mac.hardware:105, sci.electronics:86",False,False,False,False,"Klaster 979 docs (5.4%); dominant='misc.forsale' (0.64) - srednia zgodnosc etykiet post-hoc; sygnatura: sale, price, offer, shipping."
5,semantic,sbert,kmeans,20,,,3,945,0.052540865117313464,"gun, would, people, one, right, law, time, think, fbi, weapon","gun, fbi, fire, weapon, batf, law, koresh, firearm, crime, police",talk.politics.guns,0.6201058201058202,1.988807711280587,0.46016677455445243,"talk.politics.guns:586, talk.politics.misc:138, talk.religion.misc:65",False,False,False,False,"Klaster 945 docs (5.3%); dominant='talk.politics.guns' (0.62) - srednia zgodnosc etykiet post-hoc; sygnatura: gun, fbi, fire, weapon."
5,semantic,sbert,kmeans,20,,,4,1052,0.058489936617369065,"ax, max, pl, edu, ei, tm, di, cx, com, wm","mail, address, please, edu, thanks, list, send, com, email, ftp",sci.electronics,0.1150190114068441,4.0672401679061325,0.9410707625417197,"sci.electronics:121, comp.os.ms-windows.misc:108, comp.graphics:105",False,False,False,True,"Klaster 1052 docs (5.8%); dominant='sci.electronics' (0.12) - niska zgodnosc etykiet post-hoc; wysoka entropia etykiet; sygnatura: mail, address, please, edu."
5,semantic,sbert,kmeans,20,,,5,630,0.035027243411542314,"god, one, would, people, religion, believe, atheist, belief, say, think","god, atheist, religion, belief, christian, believe, atheism, argument, faith, truth",alt.atheism,0.46984126984126984,1.942760840952497,0.44951253197633984,"alt.atheism:296, soc.religion.christian:159, talk.religion.misc:122",False,False,False,False,"Klaster 630 docs (3.5%); dominant='alt.atheism' (0.47) - srednia zgodnosc etykiet post-hoc; sygnatura: god, atheist, religion, belief."
5,semantic,sbert,kmeans,20,,,6,792,0.04403424886022462,"game, year, would, team, player, one, run, hit, think, last","game, team, baseball, player, pitcher, year, hit, season, brave, hitter",rec.sport.baseball,0.9431818181818182,0.38319422253316043,0.08866279450286578,"rec.sport.baseball:747, rec.sport.hockey:36, talk.politics.mideast:3",False,False,True,False,"Klaster 792 docs (4.4%); dominant='rec.sport.baseball' (0.94) - wysoka zgodnosc etykiet post-hoc; sygnatura: game, team, baseball, player."
5,semantic,sbert,kmeans,20,,,7,1226,0.06816412765484266,"one, would, like, know, think, get, time, people, say, well","post, joke, deleted, david, name, say, flame, bob, smiley, mr",alt.atheism,0.11174551386623165,4.045996596097399,0.9361554628554839,"alt.atheism:137, rec.motorcycles:107, talk.religion.misc:100",False,False,False,True,"Klaster 1226 docs (6.8%); dominant='alt.atheism' (0.11) - niska zgodnosc etykiet post-hoc; wysoka entropia etykiet; sygnatura: post, joke, deleted, david."
5,semantic,sbert,kmeans,20,,,8,1007,0.05598799065940176,"image, file, jpeg, graphic, edu, program, format, color, db, use","file, image, graphic, format, program, window, thanks, gif, ftp, software",comp.graphics,0.5551142005958292,2.050506455299114,0.47444251969966056,"comp.graphics:559, comp.os.ms-windows.misc:172, comp.windows.x:144",False,False,False,False,"Klaster 1007 docs (5.6%); dominant='comp.graphics' (0.56) - srednia zgodnosc etykiet post-hoc; sygnatura: file, image, graphic, format."
5,semantic,sbert,kmeans,20,,,9,844,0.04692538641165351,"game, team, hockey, player, play, year, goal, period, one, season","game, team, hockey, player, playoff, nhl, espn, season, goal, play",rec.sport.hockey,0.9466824644549763,0.3224301905898488,0.0746033213674398,"rec.sport.hockey:799, rec.sport.baseball:42, misc.forsale:2",False,False,True,False,"Klaster 844 docs (4.7%); dominant='rec.sport.hockey' (0.95) - wysoka zgodnosc etykiet post-hoc; sygnatura: game, team, hockey, player."
5,semantic,sbert,kmeans,20,,,10,733,0.040753919715334146,"space, would, nasa, one, system, launch, year, earth, mission, satellite","space, nasa, orbit, launch, shuttle, moon, mission, satellite, earth, solar",sci.space,0.8540245566166439,1.1444778063253878,0.26480722982856914,"sci.space:626, talk.politics.misc:15, comp.graphics:14",False,False,True,False,"Klaster 733 docs (4.1%); dominant='sci.space' (0.85) - wysoka zgodnosc etykiet post-hoc; sygnatura: space, nasa, orbit, launch."
5,semantic,sbert,kmeans,20,,,11,966,0.05370843989769821,"people, would, one, think, right, mr, government, know, like, president","people, government, homosexual, right, tax, gay, law, sex, state, men",talk.politics.misc,0.4409937888198758,2.8676131139584906,0.6635031983412084,"talk.politics.misc:426, alt.atheism:116, talk.politics.guns:88",False,False,False,False,"Klaster 966 docs (5.4%); dominant='talk.politics.misc' (0.44) - niska zgodnosc etykiet post-hoc; sygnatura: people, government, homosexual, right."
5,semantic,sbert,kmeans,20,,,12,775,0.043089069276103634,"armenian, people, one, would, israel, jew, said, turkish, muslim, arab","armenian, israel, arab, jew, israeli, muslim, palestinian, turkish, jewish, war",talk.politics.mideast,0.8812903225806452,0.822282458077804,0.19025824586265686,"talk.politics.mideast:683, alt.atheism:35, soc.religion.christian:17",False,False,True,False,"Klaster 775 docs (4.3%); dominant='talk.politics.mideast' (0.88) - wysoka zgodnosc etykiet post-hoc; sygnatura: armenian, israel, arab, jew."
5,semantic,sbert,kmeans,20,,,13,642,0.035694429000333594,"key, chip, would, encryption, one, government, use, system, clipper, people","key, encryption, chip, clipper, government, nsa, escrow, phone, algorithm, security",sci.crypt,0.9034267912772586,0.7626776796763002,0.1764669987403335,"sci.crypt:580, sci.electronics:19, talk.politics.guns:10",False,False,True,False,"Klaster 642 docs (3.6%); dominant='sci.crypt' (0.90) - wysoka zgodnosc etykiet post-hoc; sygnatura: key, encryption, chip, clipper."
5,semantic,sbert,kmeans,20,,,14,639,0.035527632603135774,"bike, one, get, car, like, would, time, ride, dod, road","bike, ride, car, riding, motorcycle, road, dog, dod, helmet, rider",rec.motorcycles,0.7386541471048513,1.273200573271731,0.2945908736375942,"rec.motorcycles:472, rec.autos:123, sci.space:9",False,False,True,False,"Klaster 639 docs (3.6%); dominant='rec.motorcycles' (0.74) - wysoka zgodnosc etykiet post-hoc; sygnatura: bike, ride, car, riding."
5,semantic,sbert,kmeans,20,,,15,849,0.04720338040698321,"car, one, would, like, engine, new, get, also, year, know","car, engine, mile, bike, ford, dealer, honda, bmw, tire, price",rec.autos,0.6537102473498233,1.5438739079285262,0.3572187861604769,"rec.autos:555, rec.motorcycles:191, misc.forsale:57",False,False,True,False,"Klaster 849 docs (4.7%); dominant='rec.autos' (0.65) - wysoka zgodnosc etykiet post-hoc; sygnatura: car, engine, mile, bike."
5,semantic,sbert,kmeans,20,,,16,1321,0.07344601356610697,"card, do, one, bit, system, window, would, scsi, mb, mhz","card, mhz, monitor, video, driver, board, bus, chip, mb, dx",comp.sys.ibm.pc.hardware,0.34973504920514764,2.5066633011148474,0.5799872756050967,"comp.sys.ibm.pc.hardware:462, comp.sys.mac.hardware:369, sci.electronics:121",False,False,False,False,"Klaster 1321 docs (7.3%); dominant='comp.sys.ibm.pc.hardware' (0.35) - niska zgodnosc etykiet post-hoc; sygnatura: card, mhz, monitor, video."
5,semantic,sbert,kmeans,20,,,17,1008,0.0560435894584677,"god, one, jesus, would, christian, people, church, say, christ, bible","god, jesus, christian, church, bible, christ, sin, faith, lord, scripture",soc.religion.christian,0.6517857142857143,1.4278533370787843,0.3303741537874884,"soc.religion.christian:657, talk.religion.misc:221, alt.atheism:100",False,False,True,False,"Klaster 1008 docs (5.6%); dominant='soc.religion.christian' (0.65) - wysoka zgodnosc etykiet post-hoc; sygnatura: god, jesus, christian, church."
5,semantic,sbert,kmeans,20,,,18,1031,0.057322361836984324,"drive, window, disk, file, do, system, problem, use, one, get","drive, window, do, disk, file, problem, scsi, driver, system, program",comp.os.ms-windows.misc,0.3947623666343356,2.25526073206633,0.5218181983948778,"comp.os.ms-windows.misc:407, comp.sys.ibm.pc.hardware:293, comp.sys.mac.hardware:194",False,False,False,False,"Klaster 1031 docs (5.7%); dominant='comp.os.ms-windows.misc' (0.39) - niska zgodnosc etykiet post-hoc; sygnatura: drive, window, do, disk."
5,semantic,sbert,kmeans,20,,,19,1061,0.058990325808962525,"one, would, use, get, like, problem, power, wire, used, know","battery, power, circuit, voltage, monitor, amp, light, wire, signal, detector",sci.electronics,0.43826578699340246,2.971181514141672,0.6874666697154077,"sci.electronics:465, comp.sys.mac.hardware:127, rec.autos:92",False,False,False,False,"Klaster 1061 docs (5.9%); dominant='sci.electronics' (0.44) - niska zgodnosc etykiet post-hoc; sygnatura: battery, power, circuit, voltage."
6,semantic,sbert,spectral,25,,,0,1638,0.09107083287001001,"car, one, bike, would, like, get, know, new, good, time","car, bike, engine, mile, motorcycle, ride, dod, tire, honda, bmw",rec.autos,0.47374847374847373,1.650303872263114,0.38184436113487075,"rec.autos:776, rec.motorcycles:698, misc.forsale:61",False,False,False,False,"Klaster 1638 docs (9.1%); dominant='rec.autos' (0.47) - srednia zgodnosc etykiet post-hoc; sygnatura: car, bike, engine, mile."
6,semantic,sbert,spectral,25,,,1,1673,0.09301679083731791,"would, people, gun, one, right, think, know, time, government, state","gun, fbi, government, fire, people, koresh, batf, weapon, law, right",talk.politics.guns,0.45188284518828453,2.5714869750877893,0.5949860614594068,"talk.politics.guns:756, talk.politics.misc:404, talk.religion.misc:94",False,False,False,False,"Klaster 1673 docs (9.3%); dominant='talk.politics.guns' (0.45) - srednia zgodnosc etykiet post-hoc; sygnatura: gun, fbi, government, fire."
6,semantic,sbert,spectral,25,,,2,27,0.0015011675747803848,"insurance, health, private, care, system, american, canada, one, canadian, like","insurance, health, private, canadian, care, canada, american, doctor, hospital, system",talk.politics.misc,0.8518518518518519,0.8274087988498721,0.191444369430546,"talk.politics.misc:23, sci.med:2, talk.religion.misc:1",False,False,True,False,"Klaster 27 docs (0.2%); dominant='talk.politics.misc' (0.85) - wysoka zgodnosc etykiet post-hoc; sygnatura: insurance, health, private, canadian."
6,semantic,sbert,spectral,25,,,3,788,0.043811853663960856,"game, year, would, team, player, one, run, hit, think, last","game, team, player, baseball, pitcher, year, hit, hitter, pitching, run",rec.sport.baseball,0.9479695431472082,0.45046825754236663,0.104228540515343,"rec.sport.baseball:747, rec.sport.hockey:16, talk.politics.mideast:5",False,False,True,False,"Klaster 788 docs (4.4%); dominant='rec.sport.baseball' (0.95) - wysoka zgodnosc etykiet post-hoc; sygnatura: game, team, player, baseball."
6,semantic,sbert,spectral,25,,,4,1070,0.059490715000555985,"window, file, program, use, server, get, do, one, widget, system","window, server, motif, widget, program, application, file, xterm, sun, display",comp.windows.x,0.7383177570093458,1.4516094281998142,0.3358707957027327,"comp.windows.x:790, comp.os.ms-windows.misc:163, comp.graphics:27",False,False,True,False,"Klaster 1070 docs (5.9%); dominant='comp.windows.x' (0.74) - wysoka zgodnosc etykiet post-hoc; sygnatura: window, server, motif, widget."
6,semantic,sbert,spectral,25,,,5,896,0.0498165239630824,"one, would, patient, disease, medical, get, also, like, health, know","doctor, patient, disease, msg, food, medical, drug, treatment, effect, gordon",sci.med,0.8772321428571429,0.9611972641957596,0.2224001054836638,"sci.med:786, talk.politics.misc:24, sci.space:21",False,False,True,False,"Klaster 896 docs (5.0%); dominant='sci.med' (0.88) - wysoka zgodnosc etykiet post-hoc; sygnatura: doctor, patient, disease, msg."
6,semantic,sbert,spectral,25,,,6,536,0.029800956299343935,"israel, israeli, arab, jew, would, people, one, palestinian, right, jewish","israel, arab, israeli, jew, palestinian, jewish, peace, war, lebanon, nazi",talk.politics.mideast,0.8563432835820896,0.9752419554857787,0.22564974105872887,"talk.politics.mideast:459, alt.atheism:27, talk.religion.misc:14",False,False,True,False,"Klaster 536 docs (3.0%); dominant='talk.politics.mideast' (0.86) - wysoka zgodnosc etykiet post-hoc; sygnatura: israel, arab, israeli, jew."
6,semantic,sbert,spectral,25,,,7,1008,0.0560435894584677,"space, would, one, system, nasa, year, launch, also, time, earth","space, nasa, orbit, launch, shuttle, moon, mission, satellite, earth, solar",sci.space,0.7361111111111112,1.9008798447758524,0.43982218191563704,"sci.space:742, sci.electronics:31, talk.politics.misc:30",False,False,True,False,"Klaster 1008 docs (5.6%); dominant='sci.space' (0.74) - wysoka zgodnosc etykiet post-hoc; sygnatura: space, nasa, orbit, launch."
6,semantic,sbert,spectral,25,,,8,891,0.049538529967752695,"key, would, one, chip, encryption, use, government, system, clipper, people","key, encryption, chip, clipper, nsa, government, phone, algorithm, escrow, security",sci.crypt,0.8271604938271605,1.26029228655927,0.29160417732311106,"sci.crypt:737, sci.electronics:45, talk.politics.guns:18",False,False,True,False,"Klaster 891 docs (5.0%); dominant='sci.crypt' (0.83) - wysoka zgodnosc etykiet post-hoc; sygnatura: key, encryption, chip, clipper."
6,semantic,sbert,spectral,25,,,9,2355,0.1309351718002891,"drive, card, one, system, window, problem, would, scsi, disk, get","drive, card, scsi, disk, mb, mac, do, monitor, window, driver",comp.sys.ibm.pc.hardware,0.340552016985138,2.371331355269293,0.5486744117919191,"comp.sys.ibm.pc.hardware:802, comp.sys.mac.hardware:668, comp.os.ms-windows.misc:402",False,False,False,False,"Klaster 2355 docs (13.1%); dominant='comp.sys.ibm.pc.hardware' (0.34) - niska zgodnosc etykiet post-hoc; sygnatura: drive, card, scsi, disk."
6,semantic,sbert,spectral,25,,,10,1157,0.06432781051929279,"god, one, jesus, would, christian, people, say, church, christ, bible","god, jesus, christian, bible, church, christ, sin, faith, heaven, word",soc.religion.christian,0.5911840968020743,1.653290910753242,0.382535496763356,"soc.religion.christian:684, talk.religion.misc:278, alt.atheism:143",False,False,False,False,"Klaster 1157 docs (6.4%); dominant='soc.religion.christian' (0.59) - srednia zgodnosc etykiet post-hoc; sygnatura: god, jesus, christian, bible."
6,semantic,sbert,spectral,25,,,11,823,0.04575781163126876,"game, team, player, play, year, hockey, goal, period, season, pt","team, game, player, hockey, playoff, season, goal, nhl, play, leaf",rec.sport.hockey,0.9125151883353585,0.6609631765615293,0.15293247875720503,"rec.sport.hockey:751, rec.sport.baseball:36, rec.motorcycles:9",False,False,True,False,"Klaster 823 docs (4.6%); dominant='rec.sport.hockey' (0.91) - wysoka zgodnosc etykiet post-hoc; sygnatura: team, game, player, hockey."
6,semantic,sbert,spectral,25,,,12,68,0.003780718336483932,"ax, max, pl, ei, di, cx, tm, db, wm, bhj","ax, baden, bison, ca, mb, bari, inqmind, sys, de, cx",comp.os.ms-windows.misc,0.29411764705882354,2.907664784216769,0.6727702822396326,"comp.os.ms-windows.misc:20, sci.electronics:18, comp.graphics:10",False,False,False,False,"Klaster 68 docs (0.4%); dominant='comp.os.ms-windows.misc' (0.29) - niska zgodnosc etykiet post-hoc; sygnatura: ax, baden, bison, ca."
6,semantic,sbert,spectral,25,,,13,220,0.01223173579450684,"muslim, one, people, islam, would, think, world, president, serb, bosnia","muslim, islam, serb, bosnia, islamic, bosnian, croat, rushdie, religion, war",talk.politics.mideast,0.38636363636363635,2.343939091489916,0.542336438744246,"talk.politics.mideast:85, alt.atheism:73, talk.politics.misc:19",False,False,False,False,"Klaster 220 docs (1.2%); dominant='talk.politics.mideast' (0.39) - niska zgodnosc etykiet post-hoc; sygnatura: muslim, islam, serb, bosnia."
6,semantic,sbert,spectral,25,,,14,118,0.006560658289780941,"water, energy, would, power, one, used, plant, get, nuclear, like","water, nuclear, cooling, wax, tower, plant, paint, oil, heat, stuff",sci.electronics,0.3305084745762712,2.7497465625313064,0.6362314462806836,"sci.electronics:39, rec.autos:21, sci.space:17",False,False,False,False,"Klaster 118 docs (0.7%); dominant='sci.electronics' (0.33) - niska zgodnosc etykiet post-hoc; sygnatura: water, nuclear, cooling, wax."
6,semantic,sbert,spectral,25,,,15,368,0.020460358056265986,"homosexual, people, would, one, homosexuality, gay, sex, god, men, think","homosexual, gay, sex, homosexuality, men, marriage, sexual, people, heterosexual, woman",talk.politics.misc,0.4429347826086957,2.2897905570948445,0.5298076476106947,"talk.politics.misc:163, soc.religion.christian:107, talk.religion.misc:30",False,False,False,False,"Klaster 368 docs (2.0%); dominant='talk.politics.misc' (0.44) - niska zgodnosc etykiet post-hoc; sygnatura: homosexual, gay, sex, homosexuality."
6,semantic,sbert,spectral,25,,,16,164,0.009118203046814188,"ticket, one, get, may, please, hotel, would, ca, conference, university","ticket, hotel, summer, list, mail, mailing, voucher, stadium, offer, trip",misc.forsale,0.39634146341463417,2.8373239979236904,0.6564949567948877,"misc.forsale:65, rec.sport.baseball:36, rec.motorcycles:19",False,False,False,False,"Klaster 164 docs (0.9%); dominant='misc.forsale' (0.40) - niska zgodnosc etykiet post-hoc; sygnatura: ticket, hotel, summer, list."
6,semantic,sbert,spectral,25,,,17,73,0.004058712331813633,"battery, one, concrete, would, lead, temperature, acid, discharge, time, heat","battery, concrete, temperature, discharge, acid, charging, floor, lead, electrolyte, charged",sci.electronics,0.6712328767123288,1.5709390962299126,0.3634810810684841,"sci.electronics:49, rec.motorcycles:14, comp.sys.ibm.pc.hardware:3",False,False,True,False,"Klaster 73 docs (0.4%); dominant='sci.electronics' (0.67) - wysoka zgodnosc etykiet post-hoc; sygnatura: battery, concrete, temperature, discharge."
6,semantic,sbert,spectral,25,,,18,1082,0.06015790058934727,"image, file, graphic, edu, jpeg, format, program, bit, color, ftp","file, image, graphic, format, ftp, program, thanks, gif, color, site",comp.graphics,0.6608133086876156,1.933549109293314,0.44738113796493084,"comp.graphics:715, comp.os.ms-windows.misc:129, comp.windows.x:86",False,False,True,False,"Klaster 1082 docs (6.0%); dominant='comp.graphics' (0.66) - wysoka zgodnosc etykiet post-hoc; sygnatura: file, image, graphic, format."
6,semantic,sbert,spectral,25,,,19,1091,0.06065828978094073,"one, new, price, sale, like, would, offer, please, good, shipping","sale, offer, shipping, price, sell, cd, condition, interested, tape, manual",misc.forsale,0.5032080659945004,2.428461675238929,0.5618931231437387,"misc.forsale:549, sci.electronics:269, comp.sys.mac.hardware:51",False,False,False,False,"Klaster 1091 docs (6.1%); dominant='misc.forsale' (0.50) - srednia zgodnosc etykiet post-hoc; sygnatura: sale, offer, shipping, price."
6,semantic,sbert,spectral,25,,,20,238,0.013232514177693762,"wire, one, ground, use, power, circuit, current, wiring, would, line","phone, ground, wire, monitor, number, current, line, voltage, power, tempest",sci.electronics,0.7142857142857143,1.6741161188220213,0.38735399619499034,"sci.electronics:170, comp.sys.mac.hardware:19, sci.crypt:18",False,False,True,False,"Klaster 238 docs (1.3%); dominant='sci.electronics' (0.71) - wysoka zgodnosc etykiet post-hoc; sygnatura: phone, ground, wire, monitor."
6,semantic,sbert,spectral,25,,,21,853,0.04742577560324697,"god, one, would, people, think, atheist, say, belief, believe, thing","god, atheist, religion, belief, moral, morality, atheism, objective, dog, believe",alt.atheism,0.4196951934349355,2.8625295482795643,0.6623269719979381,"alt.atheism:358, talk.religion.misc:119, soc.religion.christian:110",False,False,False,False,"Klaster 853 docs (4.7%); dominant='alt.atheism' (0.42) - niska zgodnosc etykiet post-hoc; sygnatura: god, atheist, religion, belief."
6,semantic,sbert,spectral,25,,,22,358,0.019904370065606584,"printer, font, window, print, file, use, driver, get, hp, one","printer, font, print, window, driver, laser, file, postscript, hp, printing",comp.os.ms-windows.misc,0.4134078212290503,2.5358976304777094,0.5867514624959996,"comp.os.ms-windows.misc:148, comp.sys.mac.hardware:80, misc.forsale:32",False,False,False,False,"Klaster 358 docs (2.0%); dominant='comp.os.ms-windows.misc' (0.41) - niska zgodnosc etykiet post-hoc; sygnatura: printer, font, print, window."
6,semantic,sbert,spectral,25,,,23,263,0.014622484154342266,"armenian, people, one, turkish, said, greek, would, turk, turkey, say","armenian, turkish, greek, turk, turkey, armenia, genocide, muslim, azeri, serdar",talk.politics.mideast,0.8555133079847909,1.0841871015034927,0.2508572742767366,"talk.politics.mideast:225, talk.politics.misc:6, sci.crypt:5",False,False,True,False,"Klaster 263 docs (1.5%); dominant='talk.politics.mideast' (0.86) - wysoka zgodnosc etykiet post-hoc; sygnatura: armenian, turkish, greek, turk."
6,semantic,sbert,spectral,25,,,24,228,0.01267652618703436,"game, fan, espn, hockey, time, get, baseball, would, show, cpu","game, espn, fan, hockey, baseball, abc, coverage, sport, cpu, broadcast",rec.sport.hockey,0.5745614035087719,1.9747900999967003,0.4569234047028186,"rec.sport.hockey:131, rec.sport.baseball:36, comp.sys.ibm.pc.hardware:27",False,False,False,False,"Klaster 228 docs (1.3%); dominant='rec.sport.hockey' (0.57) - srednia zgodnosc etykiet post-hoc; sygnatura: game, espn, fan, hockey."
